,Seq,PAM,Seq+PAM,Prediction,Label
0,CGATTGCACTGGTTGAGAAA,AGG,CGATTGCACTGGTTGAGAAAAGG,1,True
1,GGTCACCTTTTTGGTCGTGA,TGG,GGTCACCTTTTTGGTCGTGATGG,1,True
2,TAACATTAACAGCAATGTTT,GGG,TAACATTAACAGCAATGTTTGGG,1,True
3,TAGAACAATTACGTTCGGAG,TGG,TAGAACAATTACGTTCGGAGTGG,1,True
4,TACTATTACCGATCGATCAC,TGG,TACTATTACCGATCGATCACTGG,1,True
5,CTGCATGAATCCGAAAATAG,CGG,CTGCATGAATCCGAAAATAGCGG,1,True
6,GGGCCGCCCTCCTAGTGGTT,CGG,GGGCCGCCCTCCTAGTGGTTCGG,1,True
7,GCTGCGTCAGGGACAAACGC,CGG,GCTGCGTCAGGGACAAACGCCGG,1,True
8,GGCGCTGCGCTTAAGAGGGC,AGG,GGCGCTGCGCTTAAGAGGGCAGG,1,True
9,GCAACGCAGAAGCCCGGCGC,CGG,GCAACGCAGAAGCCCGGCGCCGG,1,True
10,CCTACCGCACAGCTCGGGCG,AGG,CCTACCGCACAGCTCGGGCGAGG,1,True
11,CAGCTGTTCTCAATTGACGC,TGG,CAGCTGTTCTCAATTGACGCTGG,1,True
12,TTCAAGTAGGGTACGGACTT,TGG,TTCAAGTAGGGTACGGACTTTGG,1,True
13,CCAACTTCCATTTTCAGTCT,AGG,CCAACTTCCATTTTCAGTCTAGG,1,True
14,GGAAGCCTCAGCTCGCCTGA,AGG,GGAAGCCTCAGCTCGCCTGAAGG,1,True
15,AGGTTTCTAAAACATGACGG,AGG,AGGTTTCTAAAACATGACGGAGG,1,True
16,GTTGAGATGAAGCTTCTTCA,TGG,GTTGAGATGAAGCTTCTTCATGG,1,True
17,TCAACCGTCCCTGCAAGGCT,GGG,TCAACCGTCCCTGCAAGGCTGGG,1,True
18,CAAACCTCGTGTAGCTATCA,AGG,CAAACCTCGTGTAGCTATCAAGG,1,True
19,AATGTGAAGGACTTTCGTAA,CGG,AATGTGAAGGACTTTCGTAACGG,1,True
20,AAGGACTGGGGCCCCGCAAC,TGG,AAGGACTGGGGCCCCGCAACTGG,1,True
21,GCAGCCCGAGACTTCTGTAA,AGG,GCAGCCCGAGACTTCTGTAAAGG,1,True
22,GGATAGTACACTTCACTCAG,AGG,GGATAGTACACTTCACTCAGAGG,1,True
23,CCCGAATTAATACCAATAGA,AGG,CCCGAATTAATACCAATAGAAGG,1,True
24,CTTGAATGTCTCTTAGAGGG,TGG,CTTGAATGTCTCTTAGAGGGTGG,1,True
25,CCCATCAATTTAATTTCTGG,TGG,CCCATCAATTTAATTTCTGGTGG,1,True
26,CCAGTTTGAATTGGGAAGCT,GGG,CCAGTTTGAATTGGGAAGCTGGG,1,True
27,GAGCCAGTGCGATTTGGTGA,AGG,GAGCCAGTGCGATTTGGTGAAGG,1,True
28,GGTCTTAACAGGGAAGAGAG,AGG,GGTCTTAACAGGGAAGAGAGAGG,1,True
29,ATAACCCTATGGCCAGCAGA,GGG,ATAACCCTATGGCCAGCAGAGGG,1,True
30,TTAAGAAGCTGAGGAAAGCA,AGG,TTAAGAAGCTGAGGAAAGCAAGG,1,True
31,GAGCTAAGAGGAAACCACCT,TGG,GAGCTAAGAGGAAACCACCTTGG,1,True
32,CTCCTATTCATACCATATTA,AGG,CTCCTATTCATACCATATTAAGG,1,True
33,TAGAGTAGTTCAATCAATAC,TGG,TAGAGTAGTTCAATCAATACTGG,1,True
34,ACTTTGAAATTAACTTGATT,TGG,ACTTTGAAATTAACTTGATTTGG,1,True
35,AATCCCCTGGGATGCAGGAA,TGG,AATCCCCTGGGATGCAGGAATGG,1,True
36,GCGAGGAGCGGCGCGCCGAC,CGG,GCGAGGAGCGGCGCGCCGACCGG,1,True
37,CAAATATAGTCAGCGGATAG,GGG,CAAATATAGTCAGCGGATAGGGG,1,True
38,GCCAAATATAGTCAGCGGAT,AGG,GCCAAATATAGTCAGCGGATAGG,1,True
39,CAGGAGAATCGCCTACACCT,GGG,CAGGAGAATCGCCTACACCTGGG,1,True
40,GCAGGAGAATCGCCTACACC,TGG,GCAGGAGAATCGCCTACACCTGG,1,True
41,ATGTGCTTAGGTCTCGGGGT,GGG,ATGTGCTTAGGTCTCGGGGTGGG,1,True
42,CTAGCCTCAGTCTTTCGATC,TGG,CTAGCCTCAGTCTTTCGATCTGG,1,True
43,TGAGCACTTCGCTGCCGTTA,TGG,TGAGCACTTCGCTGCCGTTATGG,1,True
44,CTTGAGGAACTAGACGTCTC,AGG,CTTGAGGAACTAGACGTCTCAGG,1,True
45,TCCCACCTGCTCTAAGCGCT,TGG,TCCCACCTGCTCTAAGCGCTTGG,1,True
46,GCTCTAAGCGCTTGGTACCA,GGG,GCTCTAAGCGCTTGGTACCAGGG,1,True
47,AGATCACGTGAACTGGTGAT,GGG,AGATCACGTGAACTGGTGATGGG,1,True
48,ACCATTTGGCTCCTATGCAC,AGG,ACCATTTGGCTCCTATGCACAGG,1,True
49,TTCCGGTCCGGCAGAGATCG,CGG,TTCCGGTCCGGCAGAGATCGCGG,1,True
50,ACTCTATTCTACAAGCAACG,AGG,ACTCTATTCTACAAGCAACGAGG,1,True
51,AGGGGTCCCTAGAGAATTTC,TGG,AGGGGTCCCTAGAGAATTTCTGG,1,True
52,GAGGAATTCATGCCTTGCAA,AGG,GAGGAATTCATGCCTTGCAAAGG,1,True
53,GATGGCATTTCAGTTCTTCC,AGG,GATGGCATTTCAGTTCTTCCAGG,1,True
54,GACCCTGTTTTTAATTCGTT,TGG,GACCCTGTTTTTAATTCGTTTGG,1,True
55,GGGCCTCTGCGGAGTGGACC,AGG,GGGCCTCTGCGGAGTGGACCAGG,1,True
56,GAAGTTCAGGGTTAGCCAAC,AGG,GAAGTTCAGGGTTAGCCAACAGG,1,True
57,GGCAGGCTGAATCACTCGCC,CGG,GGCAGGCTGAATCACTCGCCCGG,1,True
58,CTTCATTTTGAGGGCTCGTC,TGG,CTTCATTTTGAGGGCTCGTCTGG,1,True
59,CTACCACTTGGCAACCCGCT,CGG,CTACCACTTGGCAACCCGCTCGG,1,True
60,GGGCGCACCTGTCACCGTCC,CGG,GGGCGCACCTGTCACCGTCCCGG,1,True
61,GGTTGCCAGTGCCCGCCGTC,CGG,GGTTGCCAGTGCCCGCCGTCCGG,1,True
62,GGTCGCACAGACGCGGAACA,GGG,GGTCGCACAGACGCGGAACAGGG,1,True
63,GTCTCGGCCTCGGGGTTACG,CGG,GTCTCGGCCTCGGGGTTACGCGG,1,True
64,GCCCATGGGTCCGCTCCGCG,GGG,GCCCATGGGTCCGCTCCGCGGGG,1,True
65,AGAGATGTACGTCACTTCCG,GGG,AGAGATGTACGTCACTTCCGGGG,1,True
66,AAGTAGGACAAGGCCAACTG,TGG,AAGTAGGACAAGGCCAACTGTGG,1,True
67,CGTGCACACATTTAACCCGA,AGG,CGTGCACACATTTAACCCGAAGG,1,True
68,GGACCGAGGACGCACGCGGC,GGG,GGACCGAGGACGCACGCGGCGGG,1,True
69,GCCGGGACCGAGGACGCACG,CGG,GCCGGGACCGAGGACGCACGCGG,1,True
70,GCCGCCACACGCGCTCTGCC,CGG,GCCGCCACACGCGCTCTGCCCGG,1,True
71,GATGGAGAATGTAAGGGTAC,AGG,GATGGAGAATGTAAGGGTACAGG,1,True
72,TGCAGAGAACGGAGGCATGC,AGG,TGCAGAGAACGGAGGCATGCAGG,1,True
73,TGCATGTGCGTTTGGTTCAC,TGG,TGCATGTGCGTTTGGTTCACTGG,1,True
74,GACAGTAAACTCGGCTGTGA,TGG,GACAGTAAACTCGGCTGTGATGG,1,True
75,GCCTACGCCCTTCTCAGTTA,GGG,GCCTACGCCCTTCTCAGTTAGGG,1,True
76,AGGGTGTAGCGCGGGCTAGA,AGG,AGGGTGTAGCGCGGGCTAGAAGG,1,True
77,GGTTTCCTTTTAGATGACGG,AGG,GGTTTCCTTTTAGATGACGGAGG,1,True
78,TCTGAAAAGAGAGTCAGCGA,AGG,TCTGAAAAGAGAGTCAGCGAAGG,1,True
79,GTGCATGGTGGAGAGATGAT,GGG,GTGCATGGTGGAGAGATGATGGG,1,True
80,TTCTGGAATGGTGAACCCAA,TGG,TTCTGGAATGGTGAACCCAATGG,1,True
81,GAAAAATTGGGTGTCTGGTT,TGG,GAAAAATTGGGTGTCTGGTTTGG,1,True
82,TTGACTTTAGATGTCGGTAA,AGG,TTGACTTTAGATGTCGGTAAAGG,1,True
83,AGAGTATCTTCTCATAAGTA,AGG,AGAGTATCTTCTCATAAGTAAGG,1,True
84,GCAGGAGTGATTGTATGAAG,TGG,GCAGGAGTGATTGTATGAAGTGG,1,True
85,CGACCACCACCGCCTGCCAC,AGG,CGACCACCACCGCCTGCCACAGG,1,True
86,GTTTGGGAGCCAGTGTCGTC,AGG,GTTTGGGAGCCAGTGTCGTCAGG,1,True
87,CATTTGAAAAGGCGGGGATT,GGG,CATTTGAAAAGGCGGGGATTGGG,1,True
88,CAGAGTCCGCCACGATTTTA,CGG,CAGAGTCCGCCACGATTTTACGG,1,True
89,ATCCACTTGCGTTCGCCGAG,TGG,ATCCACTTGCGTTCGCCGAGTGG,1,True
90,TGGGCCTCGCTCGAATGGGG,AGG,TGGGCCTCGCTCGAATGGGGAGG,1,True
91,CACACCTGGTACTGGCATAC,TGG,CACACCTGGTACTGGCATACTGG,1,True
92,TCATTAGAACACGCCGTTTG,TGG,TCATTAGAACACGCCGTTTGTGG,1,True
93,GATGCATGCCTGGCTCTTCC,TGG,GATGCATGCCTGGCTCTTCCTGG,1,True
94,GGCAGTGTGTACCGAGGCTT,TGG,GGCAGTGTGTACCGAGGCTTTGG,1,True
95,GGCTAGAACTACATTTTTAC,AGG,GGCTAGAACTACATTTTTACAGG,1,True
96,GGAGACACGGCGCTATGCGA,TGG,GGAGACACGGCGCTATGCGATGG,1,True
97,GGAAGGGTGCAAAGGAAGGG,TGG,GGAAGGGTGCAAAGGAAGGGTGG,1,True
98,GGTTGTATCACCTCCGCCCA,CGG,GGTTGTATCACCTCCGCCCACGG,1,True
99,GGACCGTCTCTCCAGATGCA,AGG,GGACCGTCTCTCCAGATGCAAGG,1,True
100,GCTATTTACAGTGAAGACAC,TGG,GCTATTTACAGTGAAGACACTGG,1,True
101,GCTTGAAATTGGGACAGGCA,AGG,GCTTGAAATTGGGACAGGCAAGG,1,True
102,GCTACTGTGAGTGCTCACTG,CGG,GCTACTGTGAGTGCTCACTGCGG,1,True
103,GTAGGAATGAAGAGAACATT,AGG,GTAGGAATGAAGAGAACATTAGG,1,True
104,GGTCACTTTTCAACCCCACA,GGG,GGTCACTTTTCAACCCCACAGGG,1,True
105,TTGTCTCCTCCAGAGTCACT,TGG,TTGTCTCCTCCAGAGTCACTTGG,1,True
106,CTCCGAGAGTCTCCGAGAAT,TGG,CTCCGAGAGTCTCCGAGAATTGG,1,True
107,CTCGAGGGCAGTTTACATAC,AGG,CTCGAGGGCAGTTTACATACAGG,1,True
108,GGCCCACTTACTCAGTTTCC,AGG,GGCCCACTTACTCAGTTTCCAGG,1,True
109,CACTCCCTCCCGCTTTGTAC,AGG,CACTCCCTCCCGCTTTGTACAGG,1,True
110,GCAGTAAGAAGGTAAACTCG,GGG,GCAGTAAGAAGGTAAACTCGGGG,1,True
111,TCTCCTGACTTTAGCGGTCC,TGG,TCTCCTGACTTTAGCGGTCCTGG,1,True
112,TACCCAGGACCGCTAAAGTC,AGG,TACCCAGGACCGCTAAAGTCAGG,1,True
113,GGATCAGGGAAGGTTTTATT,GGG,GGATCAGGGAAGGTTTTATTGGG,1,True
114,GGGATCAGGGAAGGTTTTAT,TGG,GGGATCAGGGAAGGTTTTATTGG,1,True
115,AAGGTGATTCTGGGAGATCT,AGG,AAGGTGATTCTGGGAGATCTAGG,1,True
116,ACTGCTCTTAACTAGGCCAG,CGG,ACTGCTCTTAACTAGGCCAGCGG,1,True
117,TTGCTATGCTCAACGCGCTT,GGG,TTGCTATGCTCAACGCGCTTGGG,1,True
118,ATGCGCCACCGAAAGTCGCG,CGG,ATGCGCCACCGAAAGTCGCGCGG,1,True
119,TCTTTGATGCAAGGAACTAC,AGG,TCTTTGATGCAAGGAACTACAGG,1,True
120,TTACACTGTTTATCGCTGGT,TGG,TTACACTGTTTATCGCTGGTTGG,1,True
121,ATCATTAACCTGTTATCATA,TGG,ATCATTAACCTGTTATCATATGG,1,True
122,CTTCAATAGACATATCTTTA,GGG,CTTCAATAGACATATCTTTAGGG,1,True
123,AGGCAGGTGAGGATAATTCC,TGG,AGGCAGGTGAGGATAATTCCTGG,1,True
124,CGGACCCAAGCTTAGACGCT,TGG,CGGACCCAAGCTTAGACGCTTGG,1,True
125,ATACTGAAGAATCTTAAACC,AGG,ATACTGAAGAATCTTAAACCAGG,1,True
126,ACGACATATATTAACCCGAG,CGG,ACGACATATATTAACCCGAGCGG,1,True
127,AAGCAGGTTTAGTTATCGGA,GGG,AAGCAGGTTTAGTTATCGGAGGG,1,True
128,TGGTGGCGACAAGAGTCTGG,AGG,TGGTGGCGACAAGAGTCTGGAGG,1,True
129,CCATGTTGTACTGATTCAGT,GGG,CCATGTTGTACTGATTCAGTGGG,1,True
130,GGTCAAAACTTGTATAAGAT,TGG,GGTCAAAACTTGTATAAGATTGG,1,True
131,GACCGGATCTCTCCTATCAA,AGG,GACCGGATCTCTCCTATCAAAGG,1,True
132,TATCACCTGATGCAGACCTG,AGG,TATCACCTGATGCAGACCTGAGG,1,True
133,GGAATCAGCTGACCTGGCTG,AGG,GGAATCAGCTGACCTGGCTGAGG,1,True
134,CTTAGTCTCTGAGTTAGATG,TGG,CTTAGTCTCTGAGTTAGATGTGG,1,True
135,TAGACGCAGCTGTGCTTAGA,AGG,TAGACGCAGCTGTGCTTAGAAGG,1,True
136,GTGGCGGACTCATGTTAAAA,AGG,GTGGCGGACTCATGTTAAAAAGG,1,True
137,GTGATTCCCACCACGCTTTG,AGG,GTGATTCCCACCACGCTTTGAGG,1,True
138,GGCCTTCAGTGAACCATGGA,TGG,GGCCTTCAGTGAACCATGGATGG,1,True
139,GGAAGTTGTTGTTAAACAGT,GGG,GGAAGTTGTTGTTAAACAGTGGG,1,True
140,GGCCAGCAATCATGTCTCAG,TGG,GGCCAGCAATCATGTCTCAGTGG,1,True
141,GGAGACCGCGGTGATTGGGA,TGG,GGAGACCGCGGTGATTGGGATGG,1,True
142,CTTGTCACACCGAACACGGT,GGG,CTTGTCACACCGAACACGGTGGG,1,True
143,GTGACATTCATGTGGCAGTG,TGG,GTGACATTCATGTGGCAGTGTGG,1,True
144,ACAGTGGCAAAGTGCTTTCA,GGA,ACAGTGGCAAAGTGCTTTCAGGA,1,True
145,TATATTTCTTGGTGGCACAC,AGG,TATATTTCTTGGTGGCACACAGG,1,True
146,TGACACTGTATCCTTTCATC,TGG,TGACACTGTATCCTTTCATCTGG,1,True
147,CATACGTAGTTCCCCGCTCT,TGG,CATACGTAGTTCCCCGCTCTTGG,1,True
148,GCCTTGCAACTCCTGTCGAA,TGG,GCCTTGCAACTCCTGTCGAATGG,1,True
149,GGCTATAAAAGCAAAAGTTG,TGG,GGCTATAAAAGCAAAAGTTGTGG,1,True
150,GTCCAGCCGGAGTTAGCGAC,AGG,GTCCAGCCGGAGTTAGCGACAGG,1,True
151,GCGCGCCTGGGTGTAGTTGT,GGG,GCGCGCCTGGGTGTAGTTGTGGG,1,True
152,GGAGCCGCCGGGGTCGCTTG,AGG,GGAGCCGCCGGGGTCGCTTGAGG,1,True
153,ATACACTGGGGTCCTTGCGT,GGG,ATACACTGGGGTCCTTGCGTGGG,1,True
154,CTGAGCGAGCCCGGGTGCGC,TGG,CTGAGCGAGCCCGGGTGCGCTGG,1,True
155,TATGTAATTTTCGCTCGGCC,TGG,TATGTAATTTTCGCTCGGCCTGG,1,True
156,ACGGACCCGCCGTGGGCCCA,GGG,ACGGACCCGCCGTGGGCCCAGGG,1,True
157,GCTTGTGCCTCTGCTCGTGA,AGG,GCTTGTGCCTCTGCTCGTGAAGG,1,True
158,AGAGGCCTTCCCGCTGAGGC,TGG,AGAGGCCTTCCCGCTGAGGCTGG,1,True
159,TCCGACTTCATTTCGAGTGA,TGG,TCCGACTTCATTTCGAGTGATGG,1,True
160,TACCGCATATCTGTGTACAT,GGG,TACCGCATATCTGTGTACATGGG,1,True
161,TGACTTGATTTGGCTGTGCA,AGG,TGACTTGATTTGGCTGTGCAAGG,1,True
162,ATTGTGTTGTGCTAAACGCT,GGG,ATTGTGTTGTGCTAAACGCTGGG,1,True
163,CTTGATTTGGCTGTGCAAGG,TGG,CTTGATTTGGCTGTGCAAGGTGG,1,True
164,GAAGTTAATATTGACTGACC,TGG,GAAGTTAATATTGACTGACCTGG,1,True
165,GTGGGCTTTTAACGTATTTA,AGG,GTGGGCTTTTAACGTATTTAAGG,1,True
166,GATTCACGGGGTATAAATGT,TGG,GATTCACGGGGTATAAATGTTGG,1,True
167,TTGGACTTAAGGGCATCATC,AGG,TTGGACTTAAGGGCATCATCAGG,1,True
168,TATTACCTTGGCCTAGGGGG,TGG,TATTACCTTGGCCTAGGGGGTGG,1,True
169,TCCCTCCCTGTCGCTAACTC,CGG,TCCCTCCCTGTCGCTAACTCCGG,1,True
170,GTACCTTATAACGTTGGATT,TGG,GTACCTTATAACGTTGGATTTGG,1,True
171,AAATATCCGCAGGGTCCCCC,AGG,AAATATCCGCAGGGTCCCCCAGG,1,True
172,CACCGTGTTATACTCGATTC,CGG,CACCGTGTTATACTCGATTCCGG,1,True
173,AATGGCTTTTGGGGTACAAA,TGG,AATGGCTTTTGGGGTACAAATGG,1,True
174,GGCACTGGACATAAGCCCCC,TGG,GGCACTGGACATAAGCCCCCTGG,1,True
175,CCACCTGGAAAATAAAGCGT,TGG,CCACCTGGAAAATAAAGCGTTGG,1,True
176,CATTTAAACCTTCTTCCCCG,TGG,CATTTAAACCTTCTTCCCCGTGG,1,True
177,GTACACTACTGACAAACGGG,TGG,GTACACTACTGACAAACGGGTGG,1,True
178,ACTTTATTTGTGCTGTAAAG,GGG,ACTTTATTTGTGCTGTAAAGGGG,1,True
179,TACGCGGGGAAACGTGCCAC,TGG,TACGCGGGGAAACGTGCCACTGG,1,True
180,GGCGGGTCGTCCTAACTAGC,AGG,GGCGGGTCGTCCTAACTAGCAGG,1,True
181,GCAAAACCTTACACCCCAAG,AGG,GCAAAACCTTACACCCCAAGAGG,1,True
182,TACCACTTAGAACTCTAACC,AGG,TACCACTTAGAACTCTAACCAGG,1,True
183,GAGGGTGGCTGCACAGTCGA,GGG,GAGGGTGGCTGCACAGTCGAGGG,1,True
184,GCAAAACCTGAGTGCGGCCA,TGG,GCAAAACCTGAGTGCGGCCATGG,1,True
185,GGATATCATATACTCACAAC,AGG,GGATATCATATACTCACAACAGG,1,True
186,CACATGGTTAGTGGTCAAAG,AGG,CACATGGTTAGTGGTCAAAGAGG,1,True
187,GGGAGGCGCGGAGCCGCCGC,AGG,GGGAGGCGCGGAGCCGCCGCAGG,1,True
188,CCTGATGTTAGTGGCTATGT,AGG,CCTGATGTTAGTGGCTATGTAGG,1,True
189,TCATATATGGAGCGTCGTAG,AGG,TCATATATGGAGCGTCGTAGAGG,1,True
190,GTATGACAAATGCTTATTGA,AGG,GTATGACAAATGCTTATTGAAGG,1,True
191,GTGCTTTTGTGTTATCCCGG,TGG,GTGCTTTTGTGTTATCCCGGTGG,1,True
192,GGTCCATTATGTAACCACCT,TGG,GGTCCATTATGTAACCACCTTGG,1,True
193,TAGATTGTCTTTCGCTCTGA,TGG,TAGATTGTCTTTCGCTCTGATGG,1,True
194,AGAACATCTAATAGTGTTGG,GGG,AGAACATCTAATAGTGTTGGGGG,1,True
195,GGGCTCAGGCACCGCTTGTC,TGG,GGGCTCAGGCACCGCTTGTCTGG,1,True
196,TTAGTCGTGTGTACATCATT,GGG,TTAGTCGTGTGTACATCATTGGG,1,True
197,ATCTTCACAGCACAGTTCCT,GGG,ATCTTCACAGCACAGTTCCTGGG,1,True
198,GAGGCCTCTGCATTTGCGGG,TGG,GAGGCCTCTGCATTTGCGGGTGG,1,True
199,ATTTTGGTCATGGGCTGGTC,TGG,ATTTTGGTCATGGGCTGGTCTGG,1,True
200,TGTTGCCCGCCGATCACAGC,CGG,TGTTGCCCGCCGATCACAGCCGG,1,True
201,GGAATCTAGATGAGAAGTGA,TGG,GGAATCTAGATGAGAAGTGATGG,1,True
202,GTGAGGGAGAAGTGCTTCAG,AGG,GTGAGGGAGAAGTGCTTCAGAGG,1,True
203,CATGAGTTGTTTTCTTCAGT,TGG,CATGAGTTGTTTTCTTCAGTTGG,1,True
204,GAGGTTGACTTGCGTTTTCT,GGG,GAGGTTGACTTGCGTTTTCTGGG,1,True
205,CACAAAAGCTCAATTAGCAT,AGG,CACAAAAGCTCAATTAGCATAGG,1,True
206,CATCTCAAAATGGAAGACAT,TGG,CATCTCAAAATGGAAGACATTGG,1,True
207,GCCCAGAGGCCAGTTTGCAG,CGG,GCCCAGAGGCCAGTTTGCAGCGG,1,True
208,GTAACGAGACCCTTAATCGC,TGG,GTAACGAGACCCTTAATCGCTGG,1,True
209,TTTCTCCACTAGCATTTCCA,TGG,TTTCTCCACTAGCATTTCCATGG,1,True
210,ACTGAGTGAAAAGAAAAGCC,CGG,ACTGAGTGAAAAGAAAAGCCCGG,1,True
211,TGAGTGAAAAGAAAAGCCCG,GGG,TGAGTGAAAAGAAAAGCCCGGGG,1,True
212,AGCCCAATCAATCTCGGACG,AGG,AGCCCAATCAATCTCGGACGAGG,1,True
213,GTCTCCCGGGCCCCGAGAGG,AGG,GTCTCCCGGGCCCCGAGAGGAGG,1,True
214,CACAAAGGGGCCCTCGATAG,CGG,CACAAAGGGGCCCTCGATAGCGG,1,True
215,TCTTCCCAGTAAATGGCCCG,CGG,TCTTCCCAGTAAATGGCCCGCGG,1,True
216,ACCCGAAGATCAGGGGCTGG,TGG,ACCCGAAGATCAGGGGCTGGTGG,1,True
217,CTCTTTCGGAAATGGTCCCC,AGG,CTCTTTCGGAAATGGTCCCCAGG,1,True
218,GCCCGCAGCGATCTGGAGTG,CGG,GCCCGCAGCGATCTGGAGTGCGG,1,True
219,CCCTATGGCCGGGTACTGAG,CGG,CCCTATGGCCGGGTACTGAGCGG,1,True
220,GGTGGACGATGTGGCTGGGC,CGG,GGTGGACGATGTGGCTGGGCCGG,1,True
221,CTATGGCCGGGTACTGAGCG,GGG,CTATGGCCGGGTACTGAGCGGGG,1,True
222,GCGATGAAACCCGAAGATCA,GGG,GCGATGAAACCCGAAGATCAGGG,1,True
223,GGCTGGTGGCAGTGACCGCG,AGG,GGCTGGTGGCAGTGACCGCGAGG,1,True
224,TCACAGACTACATTTGAAAG,GGG,TCACAGACTACATTTGAAAGGGG,1,True
225,GGAGAACTTGTCTCAGGCCT,CGG,GGAGAACTTGTCTCAGGCCTCGG,1,True
226,CTACTGCATGCTGGAAAACG,CGG,CTACTGCATGCTGGAAAACGCGG,1,True
227,CCTACTGGCGCAGCAAGTTG,TGG,CCTACTGGCGCAGCAAGTTGTGG,1,True
228,CAAGAAGCAGGACTTGAAAG,AGG,CAAGAAGCAGGACTTGAAAGAGG,1,True
229,GCCATTAGGCTGAGCTCCAC,AGG,GCCATTAGGCTGAGCTCCACAGG,1,True
230,TGAAAGAGGGTCATACAGGG,TGG,TGAAAGAGGGTCATACAGGGTGG,1,True
231,GAGCTCCACAGGCTCGCTGC,AGG,GAGCTCCACAGGCTCGCTGCAGG,1,True
232,TCTTGGTGTACCGGAAGAAT,TGG,TCTTGGTGTACCGGAAGAATTGG,1,True
233,CGGAAGAATTGGATCATGGG,TGG,CGGAAGAATTGGATCATGGGTGG,1,True
234,GCAAGAGTCGGCCATTCAGG,AGG,GCAAGAGTCGGCCATTCAGGAGG,1,True
235,GTAACACTCAGATGCAGAGG,TGG,GTAACACTCAGATGCAGAGGTGG,1,True
236,CCAACTGGGCTGATCCCAGG,GGG,CCAACTGGGCTGATCCCAGGGGG,1,True
237,TATCAAATGGCTATCAGGGG,CGG,TATCAAATGGCTATCAGGGGCGG,1,True
238,GCGTCGCTGAGCTGGCGGGC,GGG,GCGTCGCTGAGCTGGCGGGCGGG,1,True
239,CAAACGCAGGGCGGGGAGGC,AGG,CAAACGCAGGGCGGGGAGGCAGG,1,True
240,TTGGGACAATCCTGAGGGCC,TGG,TTGGGACAATCCTGAGGGCCTGG,1,True
241,GAGGGAATCCAAACGCAGGG,CGG,GAGGGAATCCAAACGCAGGGCGG,1,True
242,TTTGAGTAAATTTGAGGGCA,AGG,TTTGAGTAAATTTGAGGGCAAGG,1,True
243,GACACGATCGTAGGAACCGG,AGG,GACACGATCGTAGGAACCGGAGG,1,True
244,GTTGAGGCCAGCGGGCGGGG,AGG,GTTGAGGCCAGCGGGCGGGGAGG,1,True
245,TCATGTGCGTGGCCTGCTGG,CGG,TCATGTGCGTGGCCTGCTGGCGG,1,True
246,CTCCTGGGTATCTTTACGGC,AGG,CTCCTGGGTATCTTTACGGCAGG,1,True
247,TCACAGAGGAGGCACTGTGG,AGG,TCACAGAGGAGGCACTGTGGAGG,1,True
248,CGTTGATCACCCGAGAGACT,TGG,CGTTGATCACCCGAGAGACTTGG,1,True
249,TGGGGTCCAGCTCAAATCGT,TGG,TGGGGTCCAGCTCAAATCGTTGG,1,True
250,CAGCTGGTTCTTGTGTAGGC,CGG,CAGCTGGTTCTTGTGTAGGCCGG,1,True
251,GAGCCAGCCCGGCCCTGTAC,AGG,GAGCCAGCCCGGCCCTGTACAGG,1,True
252,ATCTGGCTGGAGGTCATGGC,TGG,ATCTGGCTGGAGGTCATGGCTGG,1,True
253,AGCCCGGCCCTGTACAGATG,TGG,AGCCCGGCCCTGTACAGATGTGG,1,True
254,GGCAGAAGAAGCGCATTGCG,CGG,GGCAGAAGAAGCGCATTGCGCGG,1,True
255,CTCACTGCGCACGCGCCGGT,CGG,CTCACTGCGCACGCGCCGGTCGG,1,True
256,ATTAGTTAATCCCAAGGGGA,AGG,ATTAGTTAATCCCAAGGGGAAGG,1,True
257,GCAGTGTCATACAACCCATG,AGG,GCAGTGTCATACAACCCATGAGG,1,True
258,GATACACCACCACACAAATG,CGG,GATACACCACCACACAAATGCGG,1,True
259,AAGGGTGTGCGAGAAGCTGG,TGG,AAGGGTGTGCGAGAAGCTGGTGG,1,True
260,TACAATTCTTCGTTGCCAAG,AGG,TACAATTCTTCGTTGCCAAGAGG,1,True
261,TATGACCCATGAGGCATGGA,CGG,TATGACCCATGAGGCATGGACGG,1,True
262,GAAGAATTGTACAGTGCCAT,AGG,GAAGAATTGTACAGTGCCATAGG,1,True
263,TATGACCCATGAGGCATGGA,CGG,TATGACCCATGAGGCATGGACGG,1,True
264,CCTTAGGAAAAGCAAGCAGA,TGG,CCTTAGGAAAAGCAAGCAGATGG,1,True
265,AATGAGCTTGAGCAAGTACA,GGG,AATGAGCTTGAGCAAGTACAGGG,1,True
266,AGAAGCCCAAGTCCCCTGGG,TGG,AGAAGCCCAAGTCCCCTGGGTGG,1,True
267,CCACAGAAGCCCAAGTCCCC,TGG,CCACAGAAGCCCAAGTCCCCTGG,1,True
268,CTTGATAATGCTACTTGGGC,AGG,CTTGATAATGCTACTTGGGCAGG,1,True
269,GGTCAGTGTCGCTCAGCGAC,AGG,GGTCAGTGTCGCTCAGCGACAGG,1,True
270,CCTCGTGCAAACCCACCCCG,AGG,CCTCGTGCAAACCCACCCCGAGG,1,True
271,CAAGGCCCGGGCGGCGGCAG,GGG,CAAGGCCCGGGCGGCGGCAGGGG,1,True
272,TGTCGCTCAGCGACAGGGCT,CGG,TGTCGCTCAGCGACAGGGCTCGG,1,True
273,AGCGTGGGCTGCGAGCCGAG,TGG,AGCGTGGGCTGCGAGCCGAGTGG,1,True
274,GCCAGGAGTGTGCGGTCACG,AGG,GCCAGGAGTGTGCGGTCACGAGG,1,True
275,ACGAGAAGTGACGCAGGTGA,CGG,ACGAGAAGTGACGCAGGTGACGG,1,True
276,CGTCGCCACTCTCCTGCCCC,AGG,CGTCGCCACTCTCCTGCCCCAGG,1,True
277,GCGGGGTCTCTGGGTGGTCG,TGG,GCGGGGTCTCTGGGTGGTCGTGG,1,True
278,GGACGCTCAGCTCAATAGAG,TGG,GGACGCTCAGCTCAATAGAGTGG,1,True
279,CTCACAGGAGGACCGTGCAA,AGG,CTCACAGGAGGACCGTGCAAAGG,1,True
280,ATCGGTCGCCATGGAAATCG,CGG,ATCGGTCGCCATGGAAATCGCGG,1,True
281,AGCTACCTGAAGCACCTCTG,AGG,AGCTACCTGAAGCACCTCTGAGG,1,True
282,AAAGGTAAGAGAGCAACTCC,TGG,AAAGGTAAGAGAGCAACTCCTGG,1,True
283,ACCGCCCTTGCATTCCCACC,AGG,ACCGCCCTTGCATTCCCACCAGG,1,True
284,CGGAATCTGGATTTAACCAG,GGG,CGGAATCTGGATTTAACCAGGGG,1,True
285,GATTCTCTCAGCCGGGCAGT,CGG,GATTCTCTCAGCCGGGCAGTCGG,1,True
286,GCAATAATGTTCCCCTTGAG,GGG,GCAATAATGTTCCCCTTGAGGGG,1,True
287,GCAAGGGCTTGACCCCTGCC,CGG,GCAAGGGCTTGACCCCTGCCCGG,1,True
288,TGGGTTCCCTTGACTCGCAA,GGG,TGGGTTCCCTTGACTCGCAAGGG,1,True
